-- phpMyAdmin SQL Dump
-- version 5.2.1
-- https://www.phpmyadmin.net/
--
-- Servidor: 127.0.0.1
-- Tiempo de generación: 04-05-2025 a las 01:12:36
-- Versión del servidor: 10.4.32-MariaDB
-- Versión de PHP: 8.2.12

SET SQL_MODE = "NO_AUTO_VALUE_ON_ZERO";
START TRANSACTION;
SET time_zone = "+00:00";


/*!40101 SET @OLD_CHARACTER_SET_CLIENT=@@CHARACTER_SET_CLIENT */;
/*!40101 SET @OLD_CHARACTER_SET_RESULTS=@@CHARACTER_SET_RESULTS */;
/*!40101 SET @OLD_COLLATION_CONNECTION=@@COLLATION_CONNECTION */;
/*!40101 SET NAMES utf8mb4 */;

--
-- Base de datos: `psicologos_online`
--

-- --------------------------------------------------------

--
-- Estructura de tabla para la tabla `admin`
--

CREATE TABLE `admin` (
  `id` int(11) NOT NULL,
  `nombre` varchar(100) NOT NULL,
  `correo` varchar(100) NOT NULL,
  `contraseña` varchar(255) NOT NULL,
  `rol` enum('superadmin','moderador') DEFAULT 'moderador'
) ENGINE=InnoDB DEFAULT CHARSET=utf8mb4 COLLATE=utf8mb4_general_ci;

-- --------------------------------------------------------

--
-- Estructura de tabla para la tabla `articulos`
--

CREATE TABLE `articulos` (
  `id` int(11) NOT NULL,
  `titulo` varchar(255) NOT NULL,
  `resumen` text DEFAULT NULL,
  `contenido` longtext DEFAULT NULL,
  `fecha` datetime NOT NULL,
  `id_psicologo` int(11) DEFAULT NULL,
  `imagen` varchar(255) DEFAULT NULL
) ENGINE=InnoDB DEFAULT CHARSET=utf8mb4 COLLATE=utf8mb4_general_ci;

--
-- Volcado de datos para la tabla `articulos`
--

INSERT INTO `articulos` (`id`, `titulo`, `resumen`, `contenido`, `fecha`, `id_psicologo`, `imagen`) VALUES
(2, '¿Por qué me afectan tanto las cosas? 10 Motivos ante la sensibilidad emocional', '¿Por qué siento que todo me afecta? ¿Cuál es el motivo por el que siento las emociones a \'flor de piel\'? Descubre por qué estás tan sensible y cómo puedes abordarlo.', '<h3>¿Por qué me afectan tanto las cosas?</h3> Aunque a veces creamos que las emociones ‘nos molestan’, la realidad es que tienen su función en nuestra parte psicológica y orgánica. De hecho, experimentarlas nos ayuda a identificar las necesidades internas o externas. Por lo tanto, sirven para que nos motivemos a cambiar aquello que está mal en nosotros/as y empecemos a actuar.\r\nEs decir, cada una de las emociones que sentimos nos ayuda a tener más información, lo que hace que podamos conectarnos más con nosotros/as mismos/as. Algunas emociones pueden indicar dolor y, por lo tanto, ser más difíciles de manejar, aunque nos están indicando que algo debe cambiar.\r\n\r\nAun así, es normal que al experimentar emociones demasiado intensas queramos saber por qué nos afectan tanto las cosas y cómo podemos ‘contrarrestar’ sus efectos en nosotros/as. Algunos de los principales motivos por los que te cuesta ‘pasar de todo’ o gestionar mejor las emociones pueden ser los siguientes:\r\n\r\n<ol> <li><strong>Genética:</strong> Algunas personas son más sensibles que otras simplemente por su genética. De hecho, los estudios apuntan a que entre el 20% y el 60% del temperamento de una persona puede estar determinado por la genética.</li> <li><strong>Falta de sueño:</strong> No descansar lo suficiente puede hacer que las personas sean más emocionales. Esto no solo implica dormir las suficientes horas, sino también que este descanso sea de calidad.</li> <li><strong>No hacer suficiente ejercicio:</strong> El ejercicio regular no solo mejora la salud física, sino también el estado de ánimo y la estabilidad emocional.</li> <li><strong>Tener una dieta poco saludable:</strong> Una alimentación inadecuada puede afectar negativamente a las emociones, aumentando la tristeza y la sensibilidad.</li> <li><strong>Estrés:</strong> Vivir con altos niveles de estrés puede hacer que aumenten las emociones negativas, como la ira o la tristeza, y hacer que todo nos afecte más.</li> <li><strong>Estar ante crisis o cambios en tu vida:</strong> Situaciones como cambios de trabajo, rupturas amorosas o la espera de un bebé pueden aumentar la sensibilidad emocional debido a la incertidumbre.</li> <li><strong>Duelo y trauma:</strong> Pérdidas significativas o experiencias traumáticas pueden hacer que se intensifiquen las emociones y que todo nos afecte más.</li> <li><strong>Desequilibrios hormonales:</strong> Etapas como la adolescencia, la menstruación, el embarazo o la menopausia pueden generar cambios en la sensibilidad emocional debido a las hormonas.</li> <li><strong>Trastornos psicológicos:</strong> Condiciones como la depresión, la ansiedad, el TDAH o ciertos trastornos de la personalidad pueden afectar la regulación emocional.</li> <li><strong>No sentir tus emociones:</strong> Reprimir o ignorar las emociones puede hacer que estas se intensifiquen con el tiempo, provocando una mayor sensibilidad.</li> </ol> <p>Nuestras emociones son una parte fundamental que debemos entender y gestionar como es debido. Gracias a ellas podemos conocernos mejor y saber lo que realmente queremos para nuestra vida. Por ello es vital saberlas escuchar con atención.</p>', '2025-04-28 00:00:00', 17, '680ed6e9761bd_articulo1.jpg'),
(4, 'Estigmas: ¿Cómo afectan estas etiquetas a la salud mental?', '¿Te sientes inferior por tener algún trastorno? ¿Crees que sabes cómo son las personas que los padecen? Conoce qué son los estigmas y cómo afectan nuestra percepción de la salud mental', 'Todos y todas deseamos sentirnos incluidos en la sociedad, ya sea en nuestro grupo de amistades, en el trabajo, en la escuela, en una comunidad, etc. Desgraciadamente, a lo largo de la vida es común habernos visto en la situación en la que hemos sentido que no encajábamos o que no nos aceptaban. Aunque no es una experiencia agradable y puede llegar a ocasionar distintas problemáticas, en muchas ocasiones la situación ha sido de carácter temporal y hemos podido sentirnos integrados con otro grupo de personas o en otros contextos.\r\n\r\nPero… ¿te imaginas despertarte en una realidad en la que padecieras algún problema en la que una gran cantidad de personas ya tuviesen una idea preconcebida de ti sin apenas conocerte? Lamentablemente este tipo de situación es la que padecen muchas personas con trastornos psicológicos y sus consecuencias no afectan únicamente a este grupo de personas, sino que las etiquetas relacionadas con la salud mental repercuten a toda la población independientemente de su condición. En este sentido, en este artículo descubrirás qué son los estigmas y cómo repercuten en nuestra percepción acerca de la salud mental y de las personas que padecen trastornos psicológicos.\r\n\r\n<h3>¿Qué es un estigma?</h3> La palabra estigma proviene de la palabra griega antigua “stigma” que hace referencia a marcas en el cuerpo que se realizaban a los esclavos que habían intentado huir. En la actualidad, cuando hablamos de estigma nos referimos a la consecuencia de una serie de creencias, comportamientos y actitudes que pueden presentar un grupo de personas y que son percibidas como desagradables por el resto. Esto ocasiona, por lo tanto, que un grupo discrimine al otro por considerarlo diferente o no apto a nivel social, lo que compromete la existencia de la diversidad entre los seres humanos. Cuando nos referimos a la salud mental, el estigma sería como una especie de etiqueta que se le aplica a las personas únicamente por padecer un determinado trastorno mental.\r\nErwin Goffman, uno de los sociólogos más importantes del siglo XX, definió el fenómeno del estigma como el conjunto de características que presenta una persona que le producen desvaloración social y le quitan reputación. Además, explicó cómo se daba el proceso de estigmatización concretando que surgen cuando hay una discrepancia entre lo que definió como una “identidad social virtual compuesta”, un conjunto de características que consideramos que debe tener una persona según las normas culturales, y una “identidad social actual”, características que realmente definen a la persona.\r\n\r\nAlgunos ejemplos de estigmas podrían ser el referirse a una persona que tiene esquizofrenia como “esquizofrénica”, a una persona que tiene depresión como “depresiva”, etc., dado que se estaría definiendo a la persona únicamente por un trastorno psicológico, creando una sensación de discapacidad constante.\r\n\r\n<h3>Consecuencias de los estigmas</h3> Los estigmas no solo se quedan en la forma en la que percibimos y nos referimos a los demás, sino que sus consecuencias son muy amplias y pueden comprometer el proceso de recuperación o mejora de las personas con trastornos psicológicos, dado que no únicamente se enfrentan a la sintomatología propia de estos trastornos, sino también a condiciones precarias, exclusión social, etc. Además, teniendo en cuenta que todo lo referido a la salud mental ha sido poco visibilizado durante décadas, el avance hacia la eliminación de estas actitudes discriminatorias constituye un proceso lento debido al desconocimiento sobre ciertos trastornos.\r\nComo hemos comentado, las consecuencias no se limitan únicamente a la vida de las personas que padecen un trastorno mental, sino que afectan de forma generalizada a todas las personas, siendo algunas de las consecuencias las siguientes:\r\n\r\n<ol> <li><strong>Resistencia a buscar ayuda:</strong> El hecho de tener asociado ciertas creencias negativas a determinados trastornos psicológicos, dificulta enormemente el proceso de pedir ayuda cuando realmente se necesita. Pensamientos como: “¿Y si estoy loco/a?”, “¿Qué pensarán si me dicen que tengo…?”, “¡No puede estar pasándome esto a mí si yo soy normal!”, etc., son miedos que pueden aparecer debido a creencias erróneas que tenemos acerca de los trastornos mentales y del miedo asociado a que se nos discrimine por padecer alguno de ellos.</li> <li><strong>Dificultades en el acceso laboral, vivienda, sanidad, etc.:</strong> Los trastornos mentales suelen afectar al funcionamiento de la persona, repercutiendo a nivel laboral, académico, etc. y, junto a los estigmas sociales, las personas que padecen de trastornos psicológicos presentan dificultades para integrarse y para acceder a servicios que son básicos.</li> <li><strong>Red de apoyo reducida:</strong> Los estigmas también pueden afectar al entorno más próximo como, por ejemplo, a la familia, a los amigos, etc. Cuando esto se produce, la situación se agrava ya que el entorno también sufre el hecho de tener a una persona cercana con los estereotipos negativos asociados. Esto acaba generando en todos los miembros sentimientos de culpa, vergüenza y sensación de ser los responsables de que un familiar o amigo presente un determinado trastorno mental, lo que perpetúa los propios estigmas.</li> <li><strong>El autoestigma (o estigma internalizado):</strong> Una de las consecuencias más evidentes de la existencia de los estigmas en algunos trastornos psicológicos es el autoestigma, y se considera una de las consecuencias más graves. Este concepto hace referencia a la aceptación que hace una persona que padece un trastorno mental de los prejuicios negativos por parte de la sociedad. Esto conlleva efectos negativos como menor autoestima, menores expectativas de autoeficacia, etc., que repercuten de manera muy negativa en la calidad de vida de las personas, en la búsqueda de ayuda y en el proceso de recuperación.</li> </ol> <h3>Trastornos psicológicos y problemáticas más estigmatizadas</h3> Algunos de los trastornos mentales o problemáticas que comúnmente están más estigmatizados son: <ol> <li><strong>La esquizofrenia y otros trastornos psicóticos:</strong> Son un grupo de trastornos fuertemente estigmatizados. De hecho, normalmente se asocia erróneamente estos trastornos a la locura, la violencia y la marginalidad, características que tienen un fuerte impacto negativo en aquellas personas que los padecen.</li> <li><strong>El trastorno bipolar:</strong> Normalmente se asocia la idea de peligrosidad y poca voluntad al trastorno bipolar, características que no tienen por qué estar ligadas a las personas que lo padecen.</li> <li><strong>El suicidio y la ideación suicida:</strong> En este caso, los estigmas también están muy presentes. Normalmente se acusa a las personas que presentan esta problemática como culpables de no poder resolver sus problemas, de no valorar lo que tienen o de querer llamar la atención.</li> <li><strong>Los trastornos de la conducta alimentaria:</strong> La etiqueta de “caprichoso/a” es común en personas con trastornos de la conducta alimentaria. A pesar de los múltiples factores que influyen en estos trastornos, todavía se percibe a quienes los padecen como narcisistas o frívolos.</li> <li><strong>Las adicciones:</strong> Los trastornos de la conducta adictiva siguen siendo muy estigmatizados. A día de hoy, se continúa culpabilizando a quienes los presentan y reduciendo esta problemática a una simple decisión, a pesar de que hay evidencias científicas que confirman la complejidad cerebral que hay detrás de las adicciones.</li> </ol>\r\nUna de cada cuatro personas en el mundo padece un trastorno mental, y nadie está exento de poder padecerlo a lo largo de su vida. Lamentablemente, entre el 35% y el 50% no recibe tratamiento, o el que recibe no es el adecuado. Si padeces algún trastorno psicológico o crees que necesitas ayuda de un profesional, es importante que busques ayuda. Recuerda que un profesional no te juzgará y te ayudará a trabajar las creencias que puedas tener sobre ti mismo/a.', '2025-04-28 03:08:54', 17, '680ed6dfdc0e4_articulo2.jpg'),
(5, 'Efecto placebo: ¿Qué es y por qué se produce?', '¿Sabes de lo que hablamos cuando decimos que algo es placebo? ¿Crees en el poder de la sugestión? Descubre este efecto y como puede estar relacionado con la psicología y la psicoterapia.', 'Seguro que alguna vez habéis escuchado la palabra placebo, pero, ¿sabes qué es realmente? Se trata de la aplicación de una sustancia neutra, es decir, que no tiene propiedades curativas, pero que produce efectos beneficiosos en la persona. La sustancia en sí no ayuda a que la persona se sienta mejor, la mejora se produce tras la sugestión, es decir, se cree que servirá de ayuda y así sucede. A este suceso se le denomina el efecto placebo.\r\n\r\n<h3>¿Qué es el efecto placebo? Definición</h3> El efecto placebo y su definición hacen referencia al fenómeno en el cual algunas personas experimentan un beneficio real tras la administración de una sustancia o tratamiento que está completamente inactivo. Por lo tanto, la sustancia, llamada placebo o medicamentos placebos, no tiene ningún tipo de efecto médico que sea conocido. De esta forma, estas sustancias pueden tomar forma de pastillas de placebo, como una inyección (de solución salina) o como líquido consumible.\r\nEn la gran parte de los casos que se usa el efecto placebo, la persona que recibe este tratamiento no sabe que realmente le están dando un placebo como medicamento. Es decir, creen que están siendo medicados con el verdadero tratamiento. En muchas ocasiones, las pastillas de placebo o estos medicamentos placebos están diseñados de la misma forma que la sustancia que se utiliza como medicina real, pero sin el principio activo.\r\n\r\nLo verás mejor con un ejemplo: Imagina que son las 15h, hora crítica, y empiezas a experimentar somnolencia. Decides tomarte un café y a los pocos minutos de la ingesta te notas mucho más despejado/a y activo/a. Cuando vas de nuevo a la cocina te das cuenta de que te has tomado un café descafeinado. ¿Cómo puede ser que el café descafeinado haya hecho el mismo efecto que un café con cafeína? Pues bien, ese es el efecto placebo.\r\n\r\nEn psicología hay múltiples estudios que hablan sobre el efecto placebo. Se realizan continuamente para comprobar qué tratamientos farmacológicos son más efectivos. La base de estos experimentos es la siguiente: se recoge una población y se divide en dos grupos de forma aleatoria, el experimental y el de control. Si por ejemplo se selecciona una población de pacientes depresivos, el experimento se centra en administrar fármacos antidepresivos al grupo experimental y una píldora con azúcar al grupo control o grupo placebo (evidentemente sin que lo sepan). Hay múltiples estudios que demuestran que muchos individuos del grupo control mejoran tras la ingesta del placebo, simplemente porque creen que esa medicación les va a ayudar a estar mejor, tienen esa expectativa.\r\n\r\n<h3>¿Cómo funciona el efecto placebo?</h3> A pesar de que todavía no existen suficientes pruebas de la sugestión y el significado que conlleva el efecto placebo, la realidad es que hay algunas teorías que se acercan a una explicación bastante veraz. Entre las más aceptadas en la comunidad científica, existen las siguientes: <ol> <li><strong>Trastornos autolimitados:</strong> Existen muchas afecciones, como puede ser el resfriado común, que son autolimitadas. Esto significa que en vez de curarse con la mente a través de un placebo, en muchos casos se resolverán por sí mismas a pesar de no recibir un tratamiento eficaz.</li> <li><strong>Remisión:</strong> Los síntomas de algunas enfermedades pueden aparecer y desaparecer con el tiempo. Durante la remisión, es decir, el período de tiempo donde estos síntomas desaparecen, el efecto placebo puede coincidir con estos efectos y hacer creer a las personas que las pastillas de placebo pueden ser la solución a su problema físico.</li> <li><strong>Cambio de comportamiento:</strong> El efecto placebo puede aumentar la motivación para que una persona empiece a cuidarse mucho mejor y a tener una actitud más positiva respecto a una enfermedad o patología. Por lo tanto, la sugestión se traduce en una mejoría de los síntomas debido a la mejora en los hábitos saludables de la persona.</li> <li><strong>Percepción alterada:</strong> La interpretación de la persona ante la recepción de un medicamento (el cual no sabe que son pastillas de placebo) puede llegar a cambiar la expectativa ante la propia enfermedad y hacer que se sienta mejor. Un ejemplo sería que ante la presencia de un dolor agudo, la persona lo pueda percibir como un cosquilleo debido al placebo y lo que representa psicológicamente.</li> <li><strong>Sustancias químicas cerebrales:</strong> Al recibir medicamentos placebos, la persona puede desencadenar la liberación de analgésicos naturales del propio cuerpo, como las endorfinas, que ayudan a experimentar una mayor sensación de bienestar.</li> <li><strong>Estado alterado del cerebro:</strong> Las investigaciones señalan que el cerebro puede responder a una escena imaginada de la misma manera que responde a una experiencia real. De este modo, el efecto placebo puede activar estados mentales que ayuden a aliviar síntomas.</li> <li><strong>Creencias:</strong> Creer que uno puede curarse con la mente o que el efecto placebo puede hacerlo posible puede generar una mejora aparente en algunos síntomas. Sin embargo, esto no implica que la enfermedad ni sus causas se hayan curado realmente.</li> </ol>\r\nEl efecto placebo es sinónimo de condicionar nuestra actitud a través del engaño mental. Aunque la psicología del placebo muestra que nuestra actitud y pensamientos pueden influir en nuestra salud, creer que uno puede curarse solo con la mente también puede ser peligroso. El trabajo personal, la ayuda de un psicólogo y la medicina convencional son fundamentales para afrontar una enfermedad de manera eficaz.\r\n', '2025-04-28 03:28:18', 10, '680ed9b210443_el-efecto-placebo-en-la-psicoterapia-0_ai1.jpg'),
(8, '7 Beneficios psicológicos de tener mascotas', '¿Por qué es bueno para tu salud mental estar junto a un animal de compañía? ¿Cuáles son los beneficios psicológicos de las mascotas? Descubre el poder sanador de tener un amigo animal.', 'Una mascota es un miembro más de la familia. Al menos, para la mayoría de personas que tienen algún animal en casa, son tratados como un miembro más. Es muy posible que nos encontremos con personas que no entiendan que trates a un animal como a tu familia, pero es lógico que sea así por muchas razones. Una mascota es mucho más que un animal que vive contigo.\r\n\r\n<h3>Beneficios psicológicos de tener una mascota</h3> Tener un miembro de la familia del reino animal tiene muchos beneficios. Son los siguientes: <ol> <li><strong>Conoces otra forma de querer:</strong> Amar a un animal es una experiencia en la que conoces otras maneras de querer. Te abre la mente con respecto a las diferentes maneras de amar. No solo se quiere a las personas, también se puede querer a otros seres de una manera igual. A su vez, este amor es correspondido de igual o mayor manera y fuerza. Todo lo que hagas por ellos nunca será suficiente por todo aquello que te dan.</li> <li><strong>Ofrecen compañía:</strong> El cuidar de un animal, o varios, tiene beneficios psicológicos importantes. La compañía que te ofrecen es un remedio para las personas que están solas o se sienten solas. El tener la responsabilidad de cuidar a otro, es una buena manera de que muchas personas no sucumban a la depresión o a otros trastornos. Si tienes un perro, debes sacarlo a pasear y esas rutinas son una buena manera de salir y \"despejar la mente\".</li> <li><strong>Alivia tanto la ansiedad como el estrés:</strong> Otro beneficio psicológico es el alivio de la ansiedad y la depresión. Los perros o los gatos, que son los animales más comunes en los hogares, ofrecen relax, tranquilidad y un buen recibimiento (salvo cuando hacen alguna travesura). Automáticamente desconectas de tus preocupaciones, de tus problemas y te centras en ellos, porque te ofrecen momentos de amor y tranquilidad. El contacto con ellos puede considerarse una terapia diaria y más económica.</li> <li><strong>Ayuda a ser más sociable:</strong> Las personas que tienen dificultades para socializar con los demás o que no tienen conocimientos de habilidades sociales, suelen acabar mejorando este aspecto de su personalidad. Esto es uno de los beneficios de las mascotas que puede ayudarnos a mejorar nuestro día a día. Esto no sucede solo con los perros, sino que con los otros animales de compañía también puede ser un motivo o una conversación para iniciar una conexión con los demás.</li> </ol> <h3>Beneficios de tener una mascota para nuestra salud mental</h3> <ol start=\"5\"> <li><strong>Te mantiene motivado o activo:</strong> Tener un animal de compañía a tu lado puede ser uno de los motivos por el que mantenerte más activo/a y tener más motivación en tu día a día. La razón de ello es que jugar con los animales puede darte la positividad suficiente para afrontar tu rutina.</li> <li><strong>Mantiene el equilibrio emocional:</strong> Otro de los beneficios de una mascota es que en los malos días también es una fuente inagotable de tranquilidad y consuelo. La simple presencia de un perro, gato o cualquier otro animal puede hacer que calmes esta negatividad y que empieces a relajarte a pesar de estos pensamientos que invaden tu mente. Esto es debido al poder que tienen las caricias y el cariño para nuestra salud mental.</li> <li><strong>Alivia el dolor:</strong> En muchas situaciones, las mascotas pueden ser la mejor medicina. Cuando se trata de dolores físicos o emocionales, los animales de compañía pueden dotarnos de grandes capacidades para aliviar nuestro dolor. Gracias a la compañía de las mascotas las personas pueden llegar a aliviar su dolor y a dejar de lado muchos de los síntomas psicológicos asociados a este.</li> </ol>\r\nLa conexión emocional que se establece entre los humanos y los animales es muy beneficiosa para ambas partes. Tanto es así, que en muchas ocasiones contar con la compañía de estos fieles amigos es un cambio para nuestra vida tanto a nivel personal como social.', '2025-04-28 05:34:56', 16, '680ef760dfded_la-perdida-de-una-mascota-uno-mas-de-la-familia-0_ai1.jpg'),
(9, 'El trastorno de evitación experiencial: Cuando sufrir da miedo', '¿Sabes en qué consiste el trastorno de evitación experiencial? Descubre si realmente te esta causando estragos el sufrimiento y cómo afrontarlo a través de métodos psicológicos.', 'El sufrimiento forma parte de la existencia humana. No podemos evitarlo. Está presente a lo largo de nuestra vida de diferentes formas, así como el amor, la muerte, la tristeza o el odio. Sin embargo, no todas las personas son capaces de aceptar esta realidad. Hay quien lucha desesperadamente por mitigar el sufrimiento que siente, quien corre para tratar de que no lo alcance y quien lo niega a pesar de estar experimentándolo. De alguna manera, su intención es escapar de la experiencia de sufrir, lo que no saben es que justamente sus formas de actuar pueden provocar lo contrario: un aumento de su sufrimiento a largo plazo. Se trata de personas que pueden estar experimentando el trastorno de evitación experiencial (TEE). Profundicemos.\r\n\r\n<h3>¿Qué es el trastorno de evitación experiencial?</h3> El trastorno de evitación experiencial tiene su origen en la terapia de aceptación y compromiso (ACT), un modelo terapéutico que rechaza los tradicionales sistemas de clasificación diagnóstica porque considera a la conducta y su función en el contexto como los únicos elementos de análisis y acción. Así, la concepción de psicopatología desde ACT se corresponde con el trastorno de evitación experiencial. El TEE es un patrón conductual inflexible, es decir, son comportamientos que se ponen en marcha caracterizados por una gran rigidez y con un objetivo: evitar el sufrimiento a toda costa y a todos los niveles.\r\nEsto implica no solo la evitación del malestar generado por pensamientos y emociones, sino también los intentos de control de las situaciones que pueden llegar a causarlo. En un principio la regla de evitación parece funcionar porque a corto plazo produce un alivio del malestar, pero a la larga no permite llegar a sentirse bien. Así, esta forma de actuar está muy lejos de solucionar y aliviar el sufrimiento, por lo que se convierte en el problema.\r\n\r\nPor lo tanto, el trastorno de evitación experiencial está presente cuando una persona no está dispuesta a contactar con las experiencias privadas abusivas que experimenta (ya sean sensaciones, estados, pensamientos o predisposiciones conductuales) e intenta alterarlas o evitar y escapar de ellas.\r\n\r\nAhora bien, es importante aclarar que esto es una respuesta normal, todos de alguna manera la llevamos a cabo. El problema se encuentra cuando aparece la rigidez, la cual se manifiesta en pensamientos del tipo:\r\n\r\n<ol> <li>“Tengo que estar bien para poder hacer …”</li> <li>“Sentir emociones negativas o malestar es terrible”</li> <li>“No soporto estar mal, quiero que esto acabe ya”</li> <li>“Necesito sentirme feliz para estudiar, volver al trabajo o …”</li> </ol>\r\nEs decir, cuando los pensamientos llevan a la creencia de que es necesario controlar el malestar de forma rápida, sencilla y por supuesto eficaz para sentirse bien. Lo que lleva a un alivio momentáneo, a poner parches a las emociones, pero al retorno del sufrimiento con más fuerza y a una limitación del día a día.\r\n\r\n<h3>La evitación del malestar</h3> Ahora bien, ¿por qué ese interés persistente en huir del malestar? ¿Qué hay detrás de este tipo de conductas? Si bien la inflexibilidad psicológica es uno de los aspectos determinantes, también lo es el contexto en el que nos encontramos y los mensajes que diariamente nos envuelven. <ol> <li><strong>La inflexibilidad psicológica:</strong> porque implica la idea de “sentirse bien para vivir bien” y como consecuencia la evitación o control del malestar porque “si me siento mal, no podré vivir bien”. O lo que es lo mismo: la no aceptación de cómo uno se siente cuando se encuentra mal y un empeño continuo en luchar contra ello. Esto conlleva un aumento del sufrimiento y un empobrecimiento de reforzadores, premios y actividades que producen bienestar.</li> <li><strong>El contexto actual:</strong> porque en él predomina la tiranía de la felicidad, esa que nos demanda ser feliz siempre y a toda costa, y que la marca como nuestro único objetivo de vida. Además, influye en que el malestar sea visto como algo anormal, negativo e inapropiado. Las consecuencias de esto son un gran número de personas sumergidas en esa búsqueda de sentirse bien para vivir bien, el rechazo al sufrimiento y un estilo predominantemente hedonista que las aleja de sus valores.</li> </ol> <h3>Tratamiento del trastorno de evitación experiencial</h3> El tratamiento del trastorno de evitación experiencial implica en primer lugar la aceptación de que el sufrimiento forma parte de la vida. Ahora bien, esto no implica que hay que sufrir por sufrir, sino ser consciente de que simplemente por el hecho de estar vivos podemos sufrir. <ol> <li><strong>Aceptar nuestras emociones:</strong> Es fundamental estar dispuestos a abrazar nuestras emociones y sentimientos, a pesar de que no sean agradables. Experimentar ansiedad o tristeza no es placentero, pero no es malo en sí mismo, solo desagradable.</li> <li><strong>Clarificar valores personales:</strong> Es conveniente identificar cuáles son nuestros valores y metas. Si somos conscientes de ellos, sabremos hacia dónde dirigirnos sin que lo que sentimos nos limite. No se trata de eliminar las emociones, sino de aprender a vivir con ellas y no distraernos luchando contra su presencia.</li> <li><strong>Vivir bien para sentirse bien:</strong> Quizás la clave esté en invertir el planteamiento. En vez de esperar sentirnos bien para actuar, podemos actuar según nuestros valores y eso nos acercará a sentirnos mejor con el tiempo. Las emociones estarán siempre ahí, pero podemos elegir no dejar que gobiernen nuestras decisiones.</li> </ol>\r\n', '2025-04-28 05:38:40', 16, '680ef84009c27_el-trastorno-de-evitacion-experiencial-cuando-sufrir-da-miedo-0_ai1.jpg'),
(10, '¿Cuándo ir al psicólogo? 4 Motivos de peso para acudir a su consulta', 'Aunque uno sabe si está pasando un mal momento, a veces tenemos la duda de si será realmente necesario acudir a una terapia psicológica. ¿Cuándo es necesario acudir al psicólogo?', 'A veces uno sabe que está pasando un mal momento o que no sabe cómo manejar determinada situación en su vida. Sin embargo, aparece la duda de si se estará precipitando pidiendo cita en el psicólogo, si será exagerado pedir ayuda para ese problema concreto y acudir a una terapia psicológica.\r\n\r\n<h3>Razones por las que ir al psicólogo</h3> Existen algunas señales para saber cuándo ir al psicólogo. Muchos pensamos que acudir a una consulta psicológica es solo por razones de mucho peso, pero existen algunos motivos que quizá esconden problemáticas para poder disfrutar de nuestra vida. Tanto es así que la mayoría de nosotros nos preguntamos ¿Cómo saber si necesito un psicólogo? en ocasiones donde nos sentimos mal por dentro y por fuera. Por esa razón te indicaremos algunas de las razones que indican que quizá se necesita un psicólogo. <ol> <li><strong>Sientes demasiado estrés y ansiedad:</strong> Puede ser que desde hace unas semanas estés sintiendo ansiedad o demasiado estrés, y esto te esté haciendo pasar un mal rato. Puedes pensar que en cuestión de tiempo, o quizás después de las vacaciones, te encontrarás seguramente algo mejor. Seguramente estés dudando cuál es la línea para saber cuándo acudir a un psicólogo en estas situaciones. La realidad es que el límite lo pones tú, pero desahogarse junto a la psicóloga o el psicólogo puede hacerte ver cómo reducir estos niveles de ansiedad y estrés.</li> <li><strong>Tienes pensamientos muy negativos:</strong> Existen pensamientos que pueden absorberte toda tu energía. La negatividad y la rumiación puede hacer que tu vida no evolucione en algunos sentidos. En estos casos es vital acudir a la consulta del psicólogo ya que es probable que requieras de sus servicios. Este puede ser uno de los principales motivos para ir al psicólogo.</li> <li><strong>Existen problemas en tus relaciones:</strong> Son muchas las ocasiones en las que en los conflictos con los demás nos planteamos \"¿Necesito ayuda psicológica?\". Cuando tienes problemas recurrentes en tus relaciones, ir al psicólogo puede ser una buena solución. Un buen ejemplo podría ser que en tu pareja llevéis una racha complicada y no consigáis salir de la última crisis, motivo por el cual no dejáis de discutir y os planteáis una ayuda terapéutica. Como pareja, os puede asaltar el miedo a hablar de vuestra intimidad a alguien desconocido, o incluso podéis pensar que una terapia de pareja podría precipitar una ruptura.</li> <li><strong>Te sientes perdido en la vida:</strong> Muchos son los que se preguntan qué hace un psicólogo o para qué sirve un psicólogo y sus terapias. Uno de los objetivos de un profesional de la salud mental es que logres cada una de tus metas en la vida. Para ello, junto a los psicólogos lograrás encontrarte y saber cuál puede ser tu papel en la vida. Es por este preciso motivo cuando podemos afirmar que los psicólogos ayudan realmente a mejorar cada uno de los aspectos de tu vida.</li> </ol> <h3>¿Cuándo es necesario ir al psicólogo?</h3> Es recomendable ir al psicólogo a partir del momento en el que por un instante piensas que tal vez podría ayudarte. Pillar un problema a tiempo siempre va a ser más sencillo que dar el paso cuando la situación se hace desbordante.\r\nEn el ejemplo de la ansiedad, es posible que las vacaciones alivien los síntomas, pero seguramente en las sesiones psicológicas puedas aprender algo que te permita resolver un problema a largo plazo. En el caso de un hijo que está teniendo problemas de conducta, normalmente es importante entender lo que le está ocurriendo para que el problema no se cronifique, y sobre todo para evitar que deteriore sus relaciones sociales. Por último, si estás atravesando una crisis de pareja, es necesario que sepas que ninguna terapia de por sí es suficientemente poderosa como para romper una relación amorosa, y el ritmo de la terapia lo marcaréis vosotros.\r\n\r\nSi te estás preguntando cuándo es necesario ir al psicólogo y te estás planteando acudir o pedir cita, te recomiendo que pidas información para orientarte y despejar tus dudas más importantes. Cuando nos duele algo o sentimos alguna molestia física, no dudamos en acudir a un profesional de la salud. En primer lugar, para que puedan evaluar por qué nos está ocurriendo eso y, en segundo lugar, para que pueda ayudarnos a solucionarlo.\r\n\r\n¿Qué ocurre entonces cuando tenemos ansiedad? ¿O cuando no podemos dormir? ¿O cuando nos sentimos tan mal con nuestro cuerpo que somos incapaces de mirarnos al espejo? La lógica nos lleva a pensar que tendríamos que hacer lo mismo que hacemos ante un problema físico: recurrir a un profesional.\r\n\r\nSin embargo, todos sabemos que esto no es así. En líneas generales, a la gente le cuesta mucho tomar la decisión de acudir a un psicólogo. En estos casos muchos se preguntan cómo saber si necesitas un psicólogo y cómo te ayuda un psicólogo. Es por ello, que a continuación vamos a analizar algunos de los motivos más comunes por los que esta decisión es tan complicada para muchos.\r\n\r\n<h3>Falsos mitos alrededor de los psicólogos</h3> En España, todavía hay muchas personas que desconocen qué es exactamente un psicólogo. Y, además, existen muchos mitos en torno a su figura. Por ejemplo, seguro que habéis escuchado (o dicho) algunos de estos: <ol> <li><strong>\"Los psicólogos te leen la mente\".</strong> Ojalá fuera así, nuestro trabajo sería más sencillo, pero por el momento no tenemos superpoderes.</li> <li><strong>\"Un psicólogo te psicoanaliza\".</strong> No es así. El psicoanálisis es solamente una de las muchas y diversas escuelas psicológicas que existen. Puedes escoger acudir a un psicoanalista, igual que puedes escoger ir a un conductista, un cognitivo-conductual, un terapeuta sistémico…</li> <li><strong>\"El psicólogo es para la gente que está loca\".</strong> El psicólogo es para todo el mundo. Tanto si tiene un problema psicológico de cualquier índole, como si no lo tiene y desea prevenirlo o mejorar su calidad de vida o su crecimiento personal.</li> </ol>\r\nEn definitiva, el psicólogo no es más que un profesional que se dedica a ayudar a las personas a manejar mejor sus dificultades psicológicas mediante la escucha activa, la empatía y la aplicación de diversas técnicas de intervención.', '2025-04-30 18:39:43', 10, '6812524f0f3fa_cuando-es-necesario-ir-al-psicologo-0_ai1.jpg'),
(11, 'Este tipo de crianza forma a adultos egoístas', 'Cuidado con el tipo de crianza que ejerces porque puedes estar cometiendo errores que dejan secuelas en los niños en su edad adulta.', '<h3>¿Cómo actúa un adulto egoísta?</h3> Podemos visualizar la actitud de un adulto egoísta con el siguiente ejemplo. Una mujer expresa: <em>\"¿Por qué no cumple con su cuota de responsabilidad, por qué no puede ponerse en mi lugar o en todo caso tener un poco de empatía y tomar en cuenta lo cansada que estoy de estar todo el día con los niños, y a la par encargarme de todas las responsabilidades de mi propio trabajo y el del hogar?\"</em> Pero no, él dice que lo que yo hago es lo mínimo que debería hacer y que como él trabaja, cuando llega a la casa, es su hora de descansar, y no va a estar escuchándome nada ni ayudándome en nada. Así todos los días la misma rutina con él. Encima, tampoco salimos a pasear con los niños, porque él quiere irse a casa de su familia. <em>\"Es incapaz de sentir amor, empatía, e incluso compasión por mí, que soy su esposa\".</em>\r\nEstos casos no son raros, puedo asegurar que son muy frecuentes. Pero, ¿cómo es que una persona puede llegar a tener cierto nivel de egoísmo que es una clara expresión de muy baja empatía?\r\n\r\n<h3>¿Cómo ha aprendido a ser egoísta el adulto de hoy? ¿Cuál fue la crianza que tuvo?</h3> En el deseo de criar niños felices es posible cometer equivocaciones que, a la larga, jueguen en contra o causen actitudes que no resultan ser tan buenas como se creían. <h3>El estilo de crianza puede hacer que los niños se vuelvan egoístas</h3> Las actitudes y conductas de este tipo de crianza que a la larga fomentan niños egoístas —y por ende adultos egoístas— son: <ol> <li><strong>Una exagerada atención al niño:</strong> Cuando los padres prestan una atención exagerada a los niños y los complacen en todo, los convierten en niños exigentes que quieren conseguir lo que desean. Lo paradójico es que, cuando lo consiguen, nunca es suficiente para ellos. De ahí que vuelvan a demandar extrema atención, formándose un ciclo de atención/exigencia/disconformidad.</li> <li><strong>El niño aprende por imitación a los padres actitudes egoístas:</strong> Por ejemplo, estos niños no prestan sus cosas, no las comparten entre sí. Tampoco permiten, si hay hermanitos, que compartan sus juguetes y alegan que cada uno tiene los suyos propios. Incluso entre los padres se observa egoísmo: uno le dice al otro que no lo acompañará de compras porque “no le gusta”, o usa frases como “Pa’ mí” o “Si no quieres helado, pues para mí”.</li> <li><strong>Consentir exageradamente o en demasía:</strong> Algunas madres prestan atención continua a sus hijos incluso cuando no la requieren, rozando lo enfermizo. Cuando dejan de recibir esta atención constante, los niños desarrollan actitudes egoístas. Por ejemplo, si una madre muestra cariño hacia otro niño, su hijo puede acudir enfadado a reclamar atención exclusiva.</li> <li><strong>Evitar a toda costa su frustración:</strong> Expresiones como “No lo hagas llorar” o “Que el niño no sufra nada” son muy comunes. Con ellas, muchas madres fomentan inconscientemente la crianza de niños egoístas. Como resultado, estos tienden a querer todo de forma inmediata, son incapaces de esperar y no toleran situaciones que requieren paciencia.</li> </ol>\r\nDe aquí que, cuando son adultos, sean incapaces de tolerar un “no” por respuesta en ámbitos laborales, de pareja o sociales.\r\nEl infinito amor de los padres por los hijos puede llevar a cometer errores en la crianza de los niños que luego tendrán sus secuelas a futuro. Por esto, es necesario ser observadores y estar atentos a cómo se cría, para que, en el momento en que se sospeche que algo no anda bien, se pueda encontrar el equilibrio en el comportamiento de los hijos a través del cambio de conductas.', '2025-04-30 18:51:15', 13, '681255032882f_este-tipo-de-crianza-forma-a-adultos-egoistas-0_ai1.jpg'),
(12, 'Embarazo psicológico en mujeres y hombres, ¿Una realidad?', 'El embarazo psicológico afecta tanto a mujeres como a hombres. Si crees que alguien de tu alrededor o tú mismo puedes estar en esta situación, entra y descubre las claves para detectarlo.', '<p>En 1960, el Dr. Radebaugh, un joven e inexperto pediatra, se ofreció como voluntario en una clínica en Rochester. Una noche, mientras ejercía en el consultorio agrario, atendió rápidamente la llamada de una mujer que decía estar de parto. Cuando la vio llegar, rápidamente la inspeccionó y concluyó que en su estado iba a dar a luz en cualquier momento. Su diagnóstico fue claro y preciso: trasladarla urgentemente a las emergencias de un hospital cercano.</p> <p>Lo siguiente que recuerda el doctor es que ayudó a la embarazada a sentarse en una silla de ruedas en el hospital mientras la mujer rompía aguas. Al día siguiente, recibió una lección que se le quedaría grabada en la memoria: la paciente no estaba embarazada. Era un caso de pseudociesis o embarazo psicológico.</p> <p>Aunque el embarazo psicológico es una de las enfermedades más inusuales, hay muchos registros de estos casos incluso desde la antigüedad. El mismo Hipócrates describió en el año 300 a.C. casos de mujeres que creían estar embarazadas. Otro de los casos más llamativos fue el de Mary Tudor (la reina de Inglaterra durante el siglo XVI), más conocida con el apodo de Bloody Mary, con la que también se especula que sufrió pseudociesis o embarazo psicológico.</p> <h3>¿Qué es el embarazo psicológico o pseudociesis?</h3> <p>Los embarazos psicológicos son afecciones en las que los pacientes presentan todos los signos y síntomas de una gestación, exceptuando la presencia de un feto. En esta enfermedad, la paciente tiene todos los indicios de estar embarazada e incluso puede llegar a dar a luz sin tener ningún bebé en el regazo.</p> <p>Durante muchos años se han formulado numerosas teorías sobre los orígenes del embarazo psicológico o pseudociesis. Incluso Sigmund Freud expuso que su paciente más famosa, apodada Anna O, creía estar embarazada de su anterior psicoanalista. Por otro lado, muchos psiquiatras atribuyen que la pseudociesis ocurre en pacientes que desean desesperadamente un embarazo o quieren vivir esa experiencia.</p> <p>Muchas teorías apuntan que los orígenes del embarazo psicológico están claramente en el subconsciente. Pero también estudios de la Universidad de Michigan, entre otros, han demostrado que muchas pacientes tienen niveles hormonales similares a los de un embarazo real. De esta forma, el embarazo psicológico muestra el resultado de una retroalimentación entre la mente y el cuerpo.</p> <h3>¿Existe el embarazo psicológico en hombres?</h3> <p>Hace unos años, los diarios del Reino Unido sorprendieron a sus lectores con una noticia impactante. Harry Ashby, un hombre de 29 años, sufría todos los síntomas del embarazo: incluso mostraba un aumento de pecho y de abdomen, coincidiendo con el embarazo de su pareja.</p> <p>Aunque el embarazo psicológico en hombres es más inusual, Ashby no fue el único ni el primero. Según Gil Sánchez, ginecólogo y psiquiatra especializado en salud mental perinatal, el fenómeno conocido como <strong>síndrome de Couvade</strong> no sucede porque el hombre crea que está embarazado, sino que es una somatización de un conflicto psicológico que no puede resolver racionalmente.</p> <h3>¿Cuáles son los síntomas de la pseudociesis o embarazo psicológico?</h3> <p>Aunque se han hecho muchos estudios sobre este fenómeno, los médicos y psicólogos aún no tienen una causa concreta que explique toda esta sintomatología. Las investigaciones apuntan a que los traumas físicos o mentales podrían generar un desequilibrio químico en el cuerpo que detona este trastorno.</p> <p>Una gran parte de las mujeres que sufren embarazos psicológicos están realmente convencidas de que están gestando. Algunos de los principales síntomas del embarazo psicológico son:</p> <ul> <li>Períodos perdidos</li> <li>Vientre hinchado</li> <li>Aumento de peso</li> <li>Micción frecuente</li> <li>Cambios en la piel y el cabello</li> <li>Senos hinchados</li> <li>Sensaciones de movimientos y contracciones fetales</li> <li>Náuseas matutinas</li> </ul> <p>Además de todas estas sintomatologías, son muchos los casos donde las pacientes se sienten incómodas con su cuerpo y emociones. Para poder determinar si estamos ante un embarazo psicológico, la principal herramienta es realizar una prueba de embarazo bajo supervisión médica.</p> <h3>¿Cómo tratar el embarazo falso o pseudociesis?</h3> <p>Son muchas las mujeres que desean con todas sus fuerzas un embarazo por todas las emociones y alegrías que este conlleva. El proceso de gestación está lleno de grandes momentos, desde ilusiones hasta una mayor vinculación sentimental con la pareja. Las mujeres que piensan erróneamente que están embarazadas, viven de lleno todos estos pensamientos.</p> <p>Por este motivo, tratar un embarazo psicológico es un tema muy delicado. Contar con la ayuda de profesionales será sin duda la mejor alternativa para brindar el apoyo emocional y psicológico que estas mujeres necesitan para superar esta situación.</p>', '2025-04-30 19:03:08', 13, '681257cc1c8d3_embarazo-psicologico-en-mujeres-y-hombres-una-realidad-0_ai1.jpg'),
(15, '8 Señales de que sufres una herida de abandono: ¿Cómo afrontarla?', '¿Qué implica una herida de abandono? ¿Cómo podemos saber si padecemos de un trauma de abandono? Descubre las señales y cómo afrontarlo.', '<p><strong>Una herida de abandono</strong> puede afectar en cualquier momento. Para algunas personas, estos sentimientos pueden empezar en la infancia, pero para otras, el efecto puede llegar más tarde. Estos sentimientos pueden desencadenarse por el miedo de perder a un ser querido, una relación romántica o incluso por un trabajo. Entonces, ¿cómo podemos saber si padecemos de este ‘trauma’ por abandono?</p> <h3>¿Qué es la herida de abandono?</h3> <p>Cuando hablamos de una <strong>herida de abandono</strong>, estamos apuntando a aquellos pensamientos o comportamientos que suelen estar impulsados por la <strong>ansiedad o el miedo a perder</strong> algo o a alguien importante. Por lo general, estos efectos suelen ser una <strong>respuesta aprendida durante la infancia</strong> que se acaba normalizando con el tiempo.</p> <h3>¿Cómo saber si sufro de una herida del abandono?</h3> <p>Las personas que padecen un “síndrome” de abandono suelen presentar los siguientes síntomas:</p> <ul> <li><strong>Inseguridades crónicas:</strong> El trauma por abandono puede destruir la autoestima. Muchas personas, especialmente si lo vivieron de niños, acaban creyendo que el abandono fue culpa suya o reflejo de su valor personal.</li> <li><strong>Ansiedad en las relaciones:</strong> Existe un <strong>miedo constante a ser dejado</strong>, lo que puede generar una anticipación constante de traición o rechazo en relaciones cercanas.</li> <li><strong>Preocupaciones constantes:</strong> El miedo al abandono puede llevar a pensar obsesivamente en <strong>cómo evitarlo</strong>, incluso antes de que haya señales reales de peligro.</li> <li><strong>Problemas de confianza:</strong> La desconfianza hacia los demás es común, dificultando la creación de vínculos sólidos.</li> <li><strong>Miedo al compromiso:</strong> Las personas afectadas pueden evitar comprometerse por completo con los demás, por miedo a salir dañadas.</li> <li><strong>No poder poner límites:</strong> Es frecuente que estas personas <strong>cedan demasiado</strong> por temor a perder a los demás, lo que las hace vulnerables a abusos o manipulaciones.</li> <li><strong>Miedo al rechazo:</strong> A veces se aferran a relaciones dañinas para evitar ser rechazadas, incluso intentando manipular a la otra persona.</li> <li><strong>Comportamientos o episodios depresivos:</strong> Cuando la herida del abandono afecta múltiples áreas de la vida, puede derivar en <strong>depresión u otros problemas emocionales</strong>.</li> </ul> <p>Estas son algunas señales que podrían indicar que estás padeciendo de una herida de abandono. Ante estos sentimientos, <strong>es importante acudir cuanto antes a un profesional de la salud mental</strong>.</p> <h3>¿Cómo afrontar una herida de abandono?</h3> <p>Para afrontar un síndrome del abandono es vital tener en cuenta lo siguiente:</p> <ul> <li><strong>Tomar conciencia:</strong> Comprender de dónde provienen estos sentimientos y <strong>reconocer los patrones</strong> emocionales en nuestras relaciones es el primer paso hacia la sanación.</li> <li><strong>Expresa tus necesidades:</strong> Aprender a comunicar tus límites y necesidades con claridad permite <strong>construir relaciones más sanas</strong> y equilibradas.</li> <li><strong>Acude a terapia:</strong> Un psicólogo puede ayudarte a identificar creencias dañinas, <strong>procesar emociones infantiles</strong> y evitar proyectar esas heridas en las relaciones actuales.</li> </ul> <p>Las personas con miedo al abandono suelen haber experimentado <strong>pérdidas, traumas o duelos no gestionados</strong>. Estas experiencias, aunque parezcan leves, pueden afectar significativamente la salud emocional si no se abordan adecuadamente. Aun así, <strong>es posible aprender a vivir con estos sentimientos sin que definan nuestras relaciones</strong> ni nuestra identidad.</p>', '2025-04-30 19:13:21', 15, '68125a31961e2_8-senales-de-que-sufres-una-herida-de-abandono-como-afrontarla-0_ai1.jpg');
INSERT INTO `articulos` (`id`, `titulo`, `resumen`, `contenido`, `fecha`, `id_psicologo`, `imagen`) VALUES
(16, '¿Cómo saber si soy neurodivergente? 11 Ragos que pueden indicarlo', '¿Qué significa ser una persona neurodivergente? ¿Qué características podrían indicar que lo eres y qué condiciones están relacionadas con ello? Descúbrelo.', '<p><strong>La neurodivergencia</strong> se trata de un término que abarca muchas afecciones diferentes. Esto significa que las personas neurotípicas o neurodivergentes tienden a experimentar el mundo o a funcionar de una forma que no es “normal” según los estándares sociales más comunes. La palabra <strong>neurodivergente</strong> es neutra, no negativa, ya que se trata de una manera de identificar estas diferencias y aceptarlas. Pero, ¿cómo podemos saber si somos neurodivergentes? Y, ¿por qué es importante detectarlo?</p> <h3>¿Qué significa ser neurodivergente?</h3> <p>El término <strong>neurodivergente</strong> hace referencia a las personas cuyas diferencias cerebrales afectan al funcionamiento, actitud o pensamientos en su día a día. Esto implica que tienen tanto <strong>fortalezas</strong> como <strong>desafíos</strong> diferentes a los de las personas cuyos cerebros no presentan estas diferencias.</p> <p>Por un lado, los desafíos pueden implicar <strong>dificultades para relacionarse</strong> con los demás, <strong>diferencias en el aprendizaje</strong>, entre otros. En cambio, las posibles fortalezas incluyen otras formas de plantearse o visualizar la realidad desde otra perspectiva.</p> <h3>¿Cómo saber si soy neurodivergente?</h3> <p>La población neurodiversa incluye a personas con diagnósticos específicos que se consideran <strong>trastornos o dificultades</strong> para poder encajar dentro de la sociedad. Principalmente, se puede definir como neurodivergente las siguientes condiciones:</p> <ul> <li><strong>Autismo:</strong> Condición del neurodesarrollo que implica diferencias en la configuración del sistema nervioso y del funcionamiento cerebral. Afecta la comunicación social, la motricidad, el habla y más.</li> <li><strong>Trastorno por déficit de atención e hiperactividad (TDAH):</strong> Trastorno del desarrollo neurológico que implica <strong>falta de atención, hiperactividad e impulsividad</strong>.</li> <li><strong>Síndrome de Tourette:</strong> Trastorno de tics que comienza en la infancia e implica <strong>movimientos o vocalizaciones involuntarias y repetitivas</strong>.</li> <li><strong>Altas Capacidades:</strong> Implican una forma diferente de <strong>aprender, relacionarse o percibir el mundo</strong>.</li> <li><strong>Problemas de aprendizaje:</strong> como la <strong>dislexia</strong> (dificultad con la lectura) o la <strong>discalculia</strong> (dificultad en operaciones aritméticas).</li> </ul> <p>En la mayoría de los casos, la neurodiversidad <strong>existe desde el nacimiento</strong> y no recibir un diagnóstico puede acabar afectando al <strong>bienestar emocional</strong> de la persona.</p> <h3>Señales de que puedes ser neurodivergente</h3> <h4><strong>Características que pueden presentar dificultades:</strong></h4> <ul> <li><strong>Problemas de comunicación social:</strong> dificultades para el contacto visual, para hablar con los demás o entender el lenguaje corporal.</li> <li><strong>Problemas de habla y lenguaje:</strong> tartamudeo o repetición de palabras o frases ajenas.</li> <li><strong>Dificultades en el aprendizaje:</strong> como concentración, lectura o cálculo.</li> <li><strong>Sensibilidad sensorial:</strong> reacciones inusuales a la luz, el sonido, el calor, el frío o las multitudes.</li> <li><strong>Comportamientos físicos inusuales:</strong> balancearse, tics, gritar o expresarse de forma inesperada.</li> <li><strong>Inflexibilidad:</strong> dificultad para adaptarse o intereses muy específicos y profundos.</li> </ul> <p>Todos estos comportamientos o actitudes pueden hacer que las personas neurodivergentes <strong>tengan dificultades para adaptarse socialmente</strong>, comportarse de la manera esperada o enfrentarse a cambios.</p> <h4><strong>Características que pueden ser fortalezas:</strong></h4> <ul> <li><strong>Atención focalizada:</strong> gran capacidad de concentración en temas o actividades de interés.</li> <li><strong>Pensamiento innovador:</strong> creatividad para encontrar soluciones fuera de lo común.</li> <li><strong>Capacidad de observación:</strong> atención al detalle y a los estímulos del entorno.</li> <li><strong>Reconocimiento de patrones:</strong> habilidad para detectar patrones en comportamientos o situaciones.</li> <li><strong>Talentos específicos:</strong> habilidades destacadas en áreas como <strong>la música, el arte o la ciencia</strong>.</li> </ul> <h3>¿Cómo abordar la neurodivergencia?</h3> <p>Si te sientes identificado/a con muchos rasgos neurodivergentes, es importante que <strong>acudas a un psicólogo</strong> si esto está afectando tu bienestar emocional o tu día a día. Algunos consejos que pueden ayudarte son:</p> <ul> <li><strong>Acepta tu autenticidad:</strong> Ser neurodivergente no significa ser peor o mejor. Es comprender que tienes <strong>dificultades en ciertos aspectos</strong> pero también <strong>ventajas en otros</strong>.</li> <li><strong>Entiende tu condición:</strong> Un diagnóstico puede ayudarte a conocerte mejor. Acudir a un profesional te permitirá saber cómo gestionar tu situación.</li> <li><strong>Céntrate en lo que te produce bienestar:</strong> No te enfoques solo en los desafíos. Resalta y potencia aquellas capacidades que te hacen único/a.</li> </ul> <p><strong>Ser neurodivergente no es algo negativo</strong>. Por el contrario, significa experimentar el mundo de forma diferente, con ciertos retos, pero también con <strong>capacidades únicas</strong> que permiten destacar en distintas áreas.</p>', '2025-04-30 19:14:30', 15, '68125a7677a53_soy-neurodivergente.jpg'),
(17, 'Psicoterapia para adolescentes: construcción de identidad y autoestima real', 'Muchas personas llegan a terapia sin una estructura clara de quiénes son realmente, atrapadas en patrones de validación externa o con una autoestima frágil que oscila según el reconocimiento ajeno', '<h3>Identidad y autoestima en la adolescencia</h3> <p>Tu <strong>identidad</strong> y tu <strong>autoestima</strong> son dos pilares muy importantes para sentirte bien contigo mismo/a. Pero muchas veces, durante la adolescencia, puedes sentirte perdido/a, confundido/a o con la sensación de que no sabes realmente quién eres. También es común que tu autoestima dependa mucho de lo que los demás piensen de ti.</p> <p>La <strong>psicoterapia para adolescentes</strong> es un espacio donde puedes explorar lo que sientes, lo que piensas, lo que quieres, y aprender a construir una identidad más fuerte, basada en quién eres tú —y no solo en lo que otros esperan que seas.</p> <h3>¿Cómo se forma la identidad en la adolescencia?</h3> <p>Tu identidad no es algo que se tenga ya definido desde siempre. Se va formando poco a poco, con lo que vives, lo que piensas y lo que aprendes. Muchas veces, sin darnos cuenta, construimos una versión de nosotros mismos basada en lo que los demás quieren ver: padres, amigos, profesores o redes sociales.</p> <p>Pero vivir buscando esa aprobación externa puede llevar a sentir <strong>ansiedad, inseguridad o vacío</strong>, sobre todo cuando no recibimos el reconocimiento que esperábamos.</p> <h3>Identidad auténtica vs. identidad basada en la validación externa</h3> <ul> <li><strong>Identidad auténtica:</strong> Es cuando tomas decisiones, eliges tus gustos o actitudes porque realmente conectan contigo, no solo para agradar a los demás.</li> <li><strong>Identidad dependiente:</strong> Es cuando necesitas constantemente la aprobación externa y adaptas tu forma de ser para “encajar”. Esto te puede generar estrés o inseguridad.</li> </ul> <h3>¿Qué es la autoestima?</h3> <p>La <strong>autoestima</strong> es cómo te valoras a ti mismo/a: si confías en ti, si te sientes capaz, si te gustas por dentro y por fuera. Pero la autoestima también puede cambiar mucho en la adolescencia. Puede subir y bajar según cómo te sientas, lo que te dicen los demás o cómo te va en la escuela o en tus relaciones.</p> <p>Si tu autoestima depende demasiado de lo que otros piensen, puede volverse inestable y frágil.</p> <h3>Señales de que tu autoestima depende de los demás</h3> <ul> <li>Te <strong>preocupa mucho agradar</strong> a los demás.</li> <li>Te cuesta <strong>tomar decisiones sin consultar</strong> a alguien.</li> <li>Te <strong>asusta que te critiquen o rechacen</strong>.</li> <li>Sientes <strong>vacío o frustración</strong> cuando no recibes likes, atención o reconocimiento.</li> </ul> <h3>Ejemplos de identidad basada en factores externos</h3> <ul> <li><strong>Apariencia física:</strong> Sentir que tu valor depende de cómo luces o de los filtros que usas en redes sociales.</li> <li><strong>Notas o logros:</strong> Pensar que solo vales si sacas buenas calificaciones o eres el mejor/a en algo.</li> <li><strong>Grupo de amigos:</strong> Cambiar quién eres solo para encajar o evitar que te dejen de lado.</li> <li><strong>Relaciones:</strong> Sentirte perdido/a si una amistad o relación termina, como si ya no supieras quién eres.</li> </ul> <h3>La infancia y su efecto en la identidad</h3> <p>Desde pequeños vamos formando una imagen de quiénes somos, basada en cómo nos tratan y lo que nos dicen. Si no recibimos suficiente <strong>apoyo, amor o reconocimiento</strong>, podemos crecer con inseguridad. A veces, esto se nota más en la adolescencia, cuando empezamos a hacernos preguntas sobre nuestra identidad o valor personal.</p> <h3>¿Cómo puede ayudarte la psicoterapia?</h3> <p>La psicoterapia no es solo para cuando estás mal. También es un espacio para conocerte mejor, fortalecer tu autoestima y construir una identidad más auténtica y estable.</p> <p>En un proceso terapéutico puedes trabajar en:</p> <ul> <li><strong>Autoconciencia:</strong> Entender de dónde vienen tus inseguridades o creencias sobre ti.</li> <li><strong>Reestructuración de pensamientos:</strong> Cambiar ideas que te hacen sentir menos o te sabotean.</li> <li><strong>Autoafirmación:</strong> Aprender a valorarte por lo que eres, sin necesidad de agradar a todos.</li> <li><strong>Autonomía emocional:</strong> Tomar decisiones desde lo que tú sientes, no desde lo que esperan de ti.</li> </ul> <h3>Conclusión: tu identidad se construye, no se encuentra</h3> <p>Ser adolescente es una etapa en la que <strong>puedes reinventarte, aprender y definir quién eres</strong>. No se trata de agradar a todo el mundo, sino de conocerte y empezar a ser tú mismo/a. La psicoterapia puede ayudarte a lograrlo: <strong>dejar de depender de la mirada ajena y empezar a validarte por dentro</strong>.</p> <h3>Bibliografía</h3> <ul> <li>Branden, N. (2011). <em>Los seis pilares de la autoestima</em>. Paidos Ibérica.</li> <li>Cornejo, S. (2016). <em>Cuerpo, imagen e identidad. Una relación (im)perfecta</em>. Cuadernos Del Centro de Estudios En Diseño y Comunicación. <a href=\"https://www.scielo.org.ar/scielo.php?script=sci_arttext&pid=S1853-35232016000300017\">Leer artículo</a>.</li> <li>García, C. J. (2014). <em>Realidad y psicología humana</em>. Autoría Medinaceli.</li> <li>Pereira Naranjo, L. M. (2007). <em>Actualidades Investigativas en Educación</em>, 7. <a href=\"http://revista.inie.ucr.ac.cr\">Leer revista</a>.</li> </ul>', '2025-04-30 19:22:13', 14, '68125c452324b_aaaaaaa.jpg'),
(18, 'Prevención del suicidio: 10 Gestos a tener en cuenta como amigo o familiar', '¿Cómo podemos ayudar a una persona que tienes pensamientos suicidas? ¿Qué podemos hacer si nos enfrentamos a una situación tan delicada? Entiende cómo puedes ayudarles en estos momentos difíciles.', '<h3>Hablar sobre el suicidio: por qué es importante</h3> <p>En muchas ocasiones, hablar sobre el <strong>suicidio</strong> sigue siendo un tabú en nuestra sociedad. Sin embargo, en situaciones donde existe un riesgo real, <strong>hablarlo puede ser vital</strong>. Si una persona cercana está atravesando pensamientos suicidas, es normal que nos preguntemos cómo ayudar. A continuación, te mostramos <strong>cómo apoyar desde el respeto, la empatía y la escucha activa</strong>.</p> <h3>Prevención del suicidio: ¿cómo ayudar a alguien que tiene pensamientos suicidas?</h3> <p>Si crees que alguien cercano está teniendo pensamientos suicidas, es muy importante <strong>acercarte sin juzgar</strong> y hablar con calma. Estas son algunas recomendaciones clave:</p> <ul> <li><strong>No intentes solucionar sus problemas rápidamente:</strong> Frases como “todo se arreglará” pueden sonar vacías y poco empáticas.</li> <li><strong>Reconoce tus límites:</strong> El apoyo emocional es importante, pero <strong>no sustituye la ayuda profesional</strong>.</li> <li><strong>Evita “recordar lo positivo” de forma superficial:</strong> Puede hacer que se sientan culpables por no sentirse mejor.</li> <li><strong>No minimices su dolor:</strong> Valida lo que sienten. Frases como “esto también pasará” deben decirse con cuidado y empatía.</li> <li><strong>Habla con ellos:</strong> Pregunta cómo se sienten con sinceridad. <strong>Escucharles puede aliviar parte de su carga emocional</strong>.</li> <li><strong>Demuéstrales que no están solos:</strong> Acompaña, ofrece tu presencia y tu apoyo sin imponer.</li> <li><strong>Escucha sin interrumpir:</strong> Muchas veces, <strong>solo necesitan ser escuchados</strong> para liberar un poco de sufrimiento.</li> <li><strong>No des consejos rápidos:</strong> Sugerir soluciones puede hacer que se sientan más frustrados o incomprendidos.</li> <li><strong>Cuida de ti también:</strong> Apoyar a alguien que sufre puede ser emocionalmente agotador. <strong>Tu salud mental también importa</strong>.</li> <li><strong>Recomienda buscar ayuda profesional:</strong> Invítales con respeto a hablar con un <strong>psicólogo o psiquiatra</strong>.</li> <li><strong>No juzgues:</strong> Escucha sin reaccionar con alarma o críticas. <strong>Mostrar comprensión es esencial</strong>.</li> <li><strong>Recuerda lo que aún tienen:</strong> Puedes ayudarles a pensar en personas, actividades o metas que les motiven a seguir adelante.</li> <li><strong>Habla de las personas que los quieren:</strong> Recuérdales que hay gente que se preocupa por ellos.</li> <li><strong>Reafirma que los sentimientos pasan:</strong> Aclara que lo que sienten ahora, <strong>aunque sea muy doloroso, puede cambiar</strong> con el tiempo y con apoyo.</li> </ul> <p>Lo más importante es <strong>validar su dolor</strong>, no minimizar su experiencia y <strong>hacerles sentir acompañados</strong>. No necesitas tener todas las respuestas: basta con estar allí y dejarles saber que <strong>no están solos</strong>.</p> <h3>¿Qué cosas NO ayudan a alguien que tiene pensamientos suicidas?</h3> <p>Hay actitudes o frases que, aunque se digan con buena intención, <strong>pueden empeorar la situación emocional</strong>. Aquí algunas que es mejor evitar:</p> <ul> <li>Intentar resolver o minimizar sus problemas rápidamente.</li> <li>Decirles que “tienen que animarse” o “dejar de pensar así”.</li> <li>Cambiar de tema o ignorar la conversación sobre lo que sienten.</li> <li>Afirmar que “no tienen motivos” para estar tristes.</li> <li>Comparar su situación con la de otras personas.</li> <li>Restarle importancia a sus emociones, pensamientos o vivencias.</li> </ul> <p>Estos comentarios pueden hacer que la persona se sienta <strong>culpable, rechazada o incomprendida</strong>, y evitarán que hable de nuevo sobre lo que siente. Recuerda que <strong>una persona en crisis necesita comprensión y escucha, no juicios ni consejos apresurados</strong>.</p> <h3>Conclusión</h3> <p>Prevenir el suicidio implica <strong>estar presentes, escuchar sin juzgar y actuar con empatía</strong>. Si estás cerca de alguien que atraviesa pensamientos suicidas, acompáñalo con respeto y, sobre todo, anímale a buscar ayuda profesional. Tu presencia puede marcar la diferencia, pero <strong>la intervención de profesionales es clave</strong>.</p>', '2025-04-30 19:28:33', 14, '68125dc1ee572_prevencion-suicidio_ai1.jpg');

-- --------------------------------------------------------

--
-- Estructura de tabla para la tabla `citas`
--

CREATE TABLE `citas` (
  `id` int(11) NOT NULL,
  `idUser` int(11) DEFAULT NULL,
  `id_psicologo` int(11) DEFAULT NULL,
  `fecha` date NOT NULL,
  `hora` time NOT NULL,
  `estado` enum('pendiente','confirmada','cancelada') DEFAULT 'pendiente',
  `motivo` text DEFAULT NULL
) ENGINE=InnoDB DEFAULT CHARSET=utf8mb4 COLLATE=utf8mb4_general_ci;

--
-- Volcado de datos para la tabla `citas`
--

INSERT INTO `citas` (`id`, `idUser`, `id_psicologo`, `fecha`, `hora`, `estado`, `motivo`) VALUES
(2, 12, 15, '2025-05-23', '15:55:00', 'pendiente', 'prueba 2'),
(6, 12, 17, '2025-05-15', '00:00:00', 'confirmada', 'prueba 3'),
(7, 12, 15, '2025-05-06', '17:00:00', 'confirmada', 'gsgsgsfg'),
(8, 12, 17, '2025-04-10', '17:09:00', 'pendiente', 'yttttttttt'),
(9, 20, 15, '2025-05-08', '00:00:00', 'pendiente', 'No supero a mi exxx'),
(10, 21, 17, '2025-05-05', '00:00:00', 'pendiente', 'Tengo mitomanía y narcisismo.'),
(11, 20, 10, '2025-05-09', '11:01:00', 'cancelada', 'sss'),
(12, 20, 10, '2025-05-09', '11:01:00', 'cancelada', 'Extraño a mi exaaa'),
(13, 20, 0, '2025-05-08', '00:00:00', 'pendiente', 'No supero a mi ex'),
(14, 20, 0, '2025-05-08', '00:00:00', 'pendiente', 'No supero a mi ex'),
(15, 20, 0, '2025-05-08', '00:00:00', 'pendiente', 'No supero a mi ex'),
(16, 20, 0, '2025-05-08', '00:00:00', 'pendiente', 'No supero a mi ex'),
(17, 20, 0, '2025-05-08', '00:00:00', 'pendiente', 'No supero a mi exx');

-- --------------------------------------------------------

--
-- Estructura de tabla para la tabla `psicologos`
--

CREATE TABLE `psicologos` (
  `id` int(11) NOT NULL,
  `nombre` varchar(100) NOT NULL,
  `correo` varchar(100) NOT NULL,
  `contraseña` varchar(255) NOT NULL,
  `especialidad` varchar(100) DEFAULT NULL,
  `descripcion` text DEFAULT NULL,
  `foto_perfil` varchar(255) DEFAULT NULL
) ENGINE=InnoDB DEFAULT CHARSET=utf8mb4 COLLATE=utf8mb4_general_ci;

-- --------------------------------------------------------

--
-- Estructura de tabla para la tabla `users_data`
--

CREATE TABLE `users_data` (
  `idUser` int(11) NOT NULL,
  `nombre` varchar(100) NOT NULL,
  `apellidos` varchar(100) DEFAULT NULL,
  `fecha_nacimiento` date DEFAULT NULL,
  `sexo` enum('masculino','femenino','otro') DEFAULT NULL,
  `direccion` varchar(255) DEFAULT NULL,
  `telefono` varchar(20) DEFAULT NULL
) ENGINE=InnoDB DEFAULT CHARSET=utf8mb4 COLLATE=utf8mb4_general_ci;

--
-- Volcado de datos para la tabla `users_data`
--

INSERT INTO `users_data` (`idUser`, `nombre`, `apellidos`, `fecha_nacimiento`, `sexo`, `direccion`, `telefono`) VALUES
(10, 'Marco', 'Silva', '1977-12-02', 'masculino', 'Calle Marcos silva hogar', '623777333'),
(11, 'Hidaya', 'Rachidi', NULL, NULL, NULL, NULL),
(12, 'Hidaya', 'Rachidi', '2000-05-23', 'masculino', 'Calle santa agueda 31', '34567893'),
(13, 'Ana', 'Lopez', NULL, NULL, NULL, NULL),
(14, 'Mei', 'Tanaka', NULL, NULL, NULL, NULL),
(15, 'Clara', 'Ruiz', '1973-06-06', 'femenino', 'Calle severo ochoa 7', '112233445'),
(16, 'Laura', 'Mendez', '1980-06-19', 'masculino', 'Calle severo ochoa 9', '222444666'),
(17, 'Javier', 'Ortega', NULL, NULL, NULL, NULL),
(18, 'Sandra', 'Burgos', '2001-06-28', 'femenino', 'Calle severo ochoa 5', '533466788'),
(19, 'Pedro', 'Sanchez', '1972-02-27', 'masculino', 'Calle recorrido del fracaso 1', '911911911'),
(20, 'Gerard', 'Pique', '1987-02-02', 'masculino', 'Calle recorrido del fracaso 1', '190190190'),
(21, 'Pedro', 'Sanchez', '1972-02-23', 'masculino', 'Calle recorrido del fracaso 1', '911911911');

-- --------------------------------------------------------

--
-- Estructura de tabla para la tabla `users_login`
--

CREATE TABLE `users_login` (
  `idLogin` int(11) NOT NULL,
  `email` varchar(100) NOT NULL,
  `password` varchar(255) NOT NULL,
  `tipo` enum('user','admin') DEFAULT 'user',
  `idUser` int(11) DEFAULT NULL
) ENGINE=InnoDB DEFAULT CHARSET=utf8mb4 COLLATE=utf8mb4_general_ci;

--
-- Volcado de datos para la tabla `users_login`
--

INSERT INTO `users_login` (`idLogin`, `email`, `password`, `tipo`, `idUser`) VALUES
(10, 'marcosilva@psicologomindcore.com', '$2y$10$Hb6ZhFvs2oGRQsfyGUv5tewhqoQk92UPv6LL5GRQh9RCkR5CGoACa', 'admin', 10),
(11, 'hidayahilal.mr@gmail.com', '$2y$10$T6/rBSUe9jaH2KVeMbMoj.NdWba2tBvUjmESL2CgxyGSA0gaIY86a', 'user', 12),
(12, 'analopez@psicologomindcore.com', '$2y$10$7SxsbVCFFznOBwkohEQSBOZJ6GSN8/xgubkbeDBJm06b2ang8PdoG', 'admin', 13),
(13, 'meitanaka@psicologomindcore.com', '$2y$10$0ihXsav5S.QhWopNCTvh3ePGdG6WUZwm4G61OuLbcVkgDcoHiMs6q', 'admin', 14),
(14, 'clararuiz@psicologomindcore.com', '$2y$10$i5lUjsrpckK4bXvwGZVglOvua2.5d/guZJlIezkKTmGnwDFFxKlE.', 'admin', 15),
(15, 'Lauramendez@psicologomindcore.com', '$2y$10$NK.aRNqD1Rvx5Oj1k7YJjOMvJ8lTVmeFeRjCQ9LIK3O1z/a59pU6K', 'admin', 16),
(16, 'javierortega@psicologomindcore.com', '$2y$10$WKOkeZ/uHEVeNOCiqiTTE.Mjkd8LMGNyxu3F/EjxzWWX/d.4hmciu', 'admin', 17),
(17, 'sandraburgos@gmail.com', '$2y$10$Jr3CO75wmqOTSo.YxNWD3ORThYNbk4gwsj7bEvHnvCorlDT2fbLvO', 'user', 18),
(19, 'gerardpique@infieles.com', '$2y$10$jMyu9n4.dUkZ28eZUPZz8.xxKIVjTialv5JGMaaDRP2GCV6hM1uJe', 'user', 20),
(20, 'pedrosanchez@presidente.es', '$2y$10$hLn2bNIfHHPwaJ/2aNmWYedGc0KC4etXzPJXkcDDGTvymvhERrYWm', 'user', 21);

--
-- Índices para tablas volcadas
--

--
-- Indices de la tabla `admin`
--
ALTER TABLE `admin`
  ADD PRIMARY KEY (`id`),
  ADD UNIQUE KEY `correo` (`correo`);

--
-- Indices de la tabla `articulos`
--
ALTER TABLE `articulos`
  ADD PRIMARY KEY (`id`),
  ADD KEY `fk_articulos_psicologo` (`id_psicologo`);

--
-- Indices de la tabla `citas`
--
ALTER TABLE `citas`
  ADD PRIMARY KEY (`id`),
  ADD KEY `idUser` (`idUser`),
  ADD KEY `id_psicologo` (`id_psicologo`);

--
-- Indices de la tabla `psicologos`
--
ALTER TABLE `psicologos`
  ADD PRIMARY KEY (`id`),
  ADD UNIQUE KEY `correo` (`correo`);

--
-- Indices de la tabla `users_data`
--
ALTER TABLE `users_data`
  ADD PRIMARY KEY (`idUser`);

--
-- Indices de la tabla `users_login`
--
ALTER TABLE `users_login`
  ADD PRIMARY KEY (`idLogin`),
  ADD UNIQUE KEY `email` (`email`),
  ADD KEY `idUser` (`idUser`);

--
-- AUTO_INCREMENT de las tablas volcadas
--

--
-- AUTO_INCREMENT de la tabla `admin`
--
ALTER TABLE `admin`
  MODIFY `id` int(11) NOT NULL AUTO_INCREMENT;

--
-- AUTO_INCREMENT de la tabla `articulos`
--
ALTER TABLE `articulos`
  MODIFY `id` int(11) NOT NULL AUTO_INCREMENT, AUTO_INCREMENT=19;

--
-- AUTO_INCREMENT de la tabla `citas`
--
ALTER TABLE `citas`
  MODIFY `id` int(11) NOT NULL AUTO_INCREMENT, AUTO_INCREMENT=18;

--
-- AUTO_INCREMENT de la tabla `psicologos`
--
ALTER TABLE `psicologos`
  MODIFY `id` int(11) NOT NULL AUTO_INCREMENT;

--
-- AUTO_INCREMENT de la tabla `users_data`
--
ALTER TABLE `users_data`
  MODIFY `idUser` int(11) NOT NULL AUTO_INCREMENT, AUTO_INCREMENT=22;

--
-- AUTO_INCREMENT de la tabla `users_login`
--
ALTER TABLE `users_login`
  MODIFY `idLogin` int(11) NOT NULL AUTO_INCREMENT, AUTO_INCREMENT=21;

--
-- Restricciones para tablas volcadas
--

--
-- Filtros para la tabla `articulos`
--
ALTER TABLE `articulos`
  ADD CONSTRAINT `fk_articulos_psicologo` FOREIGN KEY (`id_psicologo`) REFERENCES `users_data` (`idUser`) ON DELETE CASCADE;

--
-- Filtros para la tabla `citas`
--
ALTER TABLE `citas`
  ADD CONSTRAINT `citas_ibfk_1` FOREIGN KEY (`idUser`) REFERENCES `users_data` (`idUser`) ON DELETE CASCADE;

--
-- Filtros para la tabla `users_login`
--
ALTER TABLE `users_login`
  ADD CONSTRAINT `users_login_ibfk_1` FOREIGN KEY (`idUser`) REFERENCES `users_data` (`idUser`) ON DELETE CASCADE;
COMMIT;

/*!40101 SET CHARACTER_SET_CLIENT=@OLD_CHARACTER_SET_CLIENT */;
/*!40101 SET CHARACTER_SET_RESULTS=@OLD_CHARACTER_SET_RESULTS */;
/*!40101 SET COLLATION_CONNECTION=@OLD_COLLATION_CONNECTION */;
